Link,function,palettesParTrain
Evian#EvianStock,stock,
Volvic#VolvicStock,stock,
Badoit#BadoitStock,stock,
Salvetat#SalvetatStock,stock,
Amberieu#AmberieuStock,stock,
Bretigny#BretignyStock,stock,
StQuentinChesnes#StQuentinChesnesStock,stock,
StQuentinTotem#StQuentinTotemStock,stock,
Monteux#MonteuxStock,stock,
Cavaillon#CavaillonStock,stock,
Rennes#RennesStock,stock,
Corbas#CorbasStock,stock,
Grisolles#GrisollesStock,stock,
Vinay#VinayStock,stock,
SuryLeComtal#SuryLeComtalStock,stock,
Rumilly#RumillyStock,stock,
Macon#MaconStock,stock,
Fos#FosStock,stock,
Santes#SantesStock,stock,
Hub#HubStock,stock,
Bretigny#1,routier,
Cavaillon#1,routier,
Monteux#1,routier,
Rumilly#1,routier,
Macon#1,routier,
Corbas#1,routier,
StQuentinChesnes#1,routier,
StQuentinTotem#1,routier,
Volvic#1,routier,
Badoit#1,routier,
Evian#1,routier,
Amberieu#1,routier,
Salvetat#1,routier,
Volvic#2,routier,
Badoit#3,routier,
Evian#3,routier,
Macon#3,routier,
Rumilly#3,routier,
StQuentinChesnes#3,routier,
StQuentinTotem#3,routier,
Amberieu#3,routier,
Salvetat#3,routier,
Volvic#3,routier,
Corbas#3,routier,
Amberieu#6,routier,
Badoit#6,routier,
Volvic#7,routier,
Rumilly#10,routier,
Badoit#10,routier,
Bretigny#10,routier,
Corbas#10,routier,
Macon#10,routier,
Volvic#10,routier,
StQuentinChesnes#10,routier,
StQuentinTotem#10,routier,
Salvetat#10,routier,
Amberieu#10,routier,
Evian#10,routier,
Vinay#10,routier,
Vinay#13,routier,
Bretigny#13,routier,
Macon#13,routier,
Rumilly#13,routier,
Cavaillon#13,routier,
Monteux#13,routier,
StQuentinChesnes#13,routier,
StQuentinTotem#13,routier,
Corbas#13,routier,
Badoit#13,routier,
Evian#13,routier,
Volvic#13,routier,
Salvetat#13,routier,
Amberieu#13,routier,
Amberieu#14,routier,
StQuentinChesnes#14,routier,
StQuentinTotem#14,routier,
Badoit#14,routier,
Macon#14,routier,
Rennes#14,routier,
Salvetat#14,routier,
Rumilly#14,routier,
Evian#14,routier,
Volvic#14,routier,
Bretigny#14,routier,
Corbas#14,routier,
StQuentinChesnes#16,routier,
StQuentinTotem#16,routier,
Cavaillon#16,routier,
Corbas#16,routier,
Grisolles#16,routier,
Macon#16,routier,
Monteux#16,routier,
Rumilly#16,routier,
Bretigny#16,routier,
Amberieu#16,routier,
Badoit#16,routier,
Salvetat#16,routier,
Volvic#16,routier,
Evian#16,routier,
Badoit#17,routier,
Evian#17,routier,
StQuentinChesnes#17,routier,
StQuentinTotem#17,routier,
Bretigny#17,routier,
Salvetat#17,routier,
Volvic#17,routier,
Amberieu#17,routier,
Grisolles#17,routier,
Macon#17,routier,
Rumilly#17,routier,
Corbas#18,routier,
Bretigny#18,routier,
Macon#18,routier,
Rumilly#18,routier,
StQuentinChesnes#18,routier,
StQuentinTotem#18,routier,
Amberieu#18,routier,
Badoit#18,routier,
Evian#18,routier,
Salvetat#18,routier,
Volvic#18,routier,
StQuentinChesnes#19,routier,
StQuentinTotem#19,routier,
Rumilly#19,routier,
Amberieu#19,routier,
Bretigny#19,routier,
Corbas#19,routier,
Evian#19,routier,
Salvetat#19,routier,
Volvic#19,routier,
Grisolles#19,routier,
Badoit#19,routier,
Macon#19,routier,
Amberieu#21,routier,
Corbas#21,routier,
Evian#21,routier,
Volvic#21,routier,
StQuentinChesnes#21,routier,
StQuentinTotem#21,routier,
Badoit#21,routier,
Salvetat#21,routier,
Rumilly#21,routier,
Corbas#22,routier,
Macon#22,routier,
StQuentinChesnes#22,routier,
StQuentinTotem#22,routier,
Rumilly#22,routier,
Amberieu#22,routier,
Rennes#22,routier,
Evian#22,routier,
Badoit#22,routier,
Salvetat#22,routier,
Volvic#22,routier,
Bretigny#22,routier,
Amberieu#24,routier,
Macon#25,routier,
Salvetat#25,routier,
Badoit#25,routier,
Bretigny#25,routier,
Rumilly#25,routier,
StQuentinChesnes#25,routier,
StQuentinTotem#25,routier,
Evian#25,routier,
Volvic#25,routier,
Amberieu#25,routier,
Corbas#25,routier,
Macon#26,routier,
Rumilly#26,routier,
Amberieu#26,routier,
Bretigny#26,routier,
Evian#26,routier,
StQuentinChesnes#26,routier,
StQuentinTotem#26,routier,
Salvetat#26,routier,
Volvic#26,routier,
Badoit#26,routier,
StQuentinChesnes#27,routier,
StQuentinTotem#27,routier,
Macon#27,routier,
Rumilly#27,routier,
Santes#27,routier,
Amberieu#27,routier,
Rennes#27,routier,
Evian#27,routier,
Salvetat#27,routier,
Volvic#27,routier,
Badoit#27,routier,
Bretigny#27,routier,
Corbas#27,routier,
Evian#28,routier,
Amberieu#28,routier,
Volvic#28,routier,
Bretigny#28,routier,
Salvetat#28,routier,
Badoit#28,routier,
Macon#28,routier,
Rumilly#28,routier,
Evian#29,routier,
Volvic#29,routier,
Bretigny#29,routier,
Rennes#29,routier,
Rumilly#29,routier,
Salvetat#29,routier,
Rumilly#30,routier,
Corbas#30,routier,
StQuentinChesnes#30,routier,
StQuentinTotem#30,routier,
Bretigny#30,routier,
Cavaillon#30,routier,
Monteux#30,routier,
Badoit#30,routier,
Volvic#30,routier,
Amberieu#30,routier,
Evian#30,routier,
Salvetat#30,routier,
Macon#30,routier,
Rumilly#31,routier,
Bretigny#31,routier,
Cavaillon#31,routier,
Monteux#31,routier,
StQuentinChesnes#31,routier,
StQuentinTotem#31,routier,
Badoit#31,routier,
Evian#31,routier,
Macon#31,routier,
Amberieu#31,routier,
Salvetat#31,routier,
Grisolles#31,routier,
Volvic#31,routier,
Corbas#31,routier,
Macon#33,routier,
Cavaillon#33,routier,
Monteux#33,routier,
Rumilly#33,routier,
Badoit#33,routier,
Bretigny#33,routier,
Corbas#33,routier,
StQuentinChesnes#33,routier,
StQuentinTotem#33,routier,
Amberieu#33,routier,
Salvetat#33,routier,
Evian#33,routier,
Grisolles#33,routier,
Volvic#33,routier,
Rumilly#34,routier,
Macon#34,routier,
Bretigny#34,routier,
Cavaillon#34,routier,
Monteux#34,routier,
Corbas#34,routier,
StQuentinChesnes#34,routier,
StQuentinTotem#34,routier,
Evian#34,routier,
Amberieu#34,routier,
Badoit#34,routier,
Volvic#34,routier,
Grisolles#34,routier,
Salvetat#34,routier,
Amberieu#35,routier,
Corbas#35,routier,
Macon#35,routier,
StQuentinChesnes#35,routier,
StQuentinTotem#35,routier,
Badoit#35,routier,
Evian#35,routier,
Rennes#35,routier,
Bretigny#35,routier,
Salvetat#35,routier,
Volvic#35,routier,
Rumilly#35,routier,
Amberieu#36,routier,
Bretigny#36,routier,
Rumilly#37,routier,
Bretigny#37,routier,
Corbas#37,routier,
Macon#37,routier,
Rennes#37,routier,
StQuentinChesnes#37,routier,
StQuentinTotem#37,routier,
Amberieu#37,routier,
Salvetat#37,routier,
Evian#37,routier,
Volvic#37,routier,
Badoit#37,routier,
Macon#38,routier,
Rumilly#38,routier,
Corbas#38,routier,
Cavaillon#38,routier,
Monteux#38,routier,
Vinay#38,routier,
StQuentinChesnes#38,routier,
StQuentinTotem#38,routier,
Badoit#38,routier,
Bretigny#38,routier,
Salvetat#38,routier,
Volvic#38,routier,
Evian#38,routier,
Amberieu#38,routier,
StQuentinChesnes#39,routier,
StQuentinTotem#39,routier,
Bretigny#39,routier,
Amberieu#39,routier,
Corbas#39,routier,
Badoit#39,routier,
Volvic#39,routier,
Evian#39,routier,
Salvetat#39,routier,
Macon#39,routier,
Rumilly#39,routier,
Corbas#40,routier,
Macon#40,routier,
StQuentinChesnes#40,routier,
StQuentinTotem#40,routier,
Rumilly#40,routier,
Evian#40,routier,
Amberieu#40,routier,
Badoit#40,routier,
Volvic#40,routier,
Bretigny#40,routier,
Salvetat#40,routier,
Grisolles#40,routier,
Volvic#41,routier,
Bretigny#42,routier,
StQuentinChesnes#42,routier,
StQuentinTotem#42,routier,
Corbas#42,routier,
Macon#42,routier,
Vinay#42,routier,
Volvic#42,routier,
Salvetat#42,routier,
Amberieu#42,routier,
Badoit#42,routier,
Evian#42,routier,
Rumilly#42,routier,
Macon#44,routier,
Rennes#44,routier,
StQuentinChesnes#44,routier,
StQuentinTotem#44,routier,
Rumilly#44,routier,
Evian#44,routier,
Badoit#44,routier,
Amberieu#44,routier,
Salvetat#44,routier,
Volvic#44,routier,
Bretigny#44,routier,
Corbas#44,routier,
Vinay#44,routier,
Rumilly#45,routier,
StQuentinChesnes#45,routier,
StQuentinTotem#45,routier,
Corbas#45,routier,
Macon#45,routier,
Vinay#45,routier,
Amberieu#45,routier,
Volvic#45,routier,
Bretigny#45,routier,
Evian#45,routier,
Salvetat#45,routier,
Badoit#45,routier,
Corbas#49,routier,
Rennes#49,routier,
Rumilly#49,routier,
StQuentinChesnes#49,routier,
StQuentinTotem#49,routier,
Amberieu#49,routier,
Badoit#49,routier,
Evian#49,routier,
Volvic#49,routier,
Salvetat#49,routier,
Bretigny#49,routier,
Macon#49,routier,
Macon#51,routier,
Rennes#51,routier,
Vinay#51,routier,
Rumilly#51,routier,
StQuentinChesnes#51,routier,
StQuentinTotem#51,routier,
Corbas#51,routier,
Amberieu#51,routier,
Badoit#51,routier,
Evian#51,routier,
Salvetat#51,routier,
Volvic#51,routier,
Bretigny#51,routier,
Badoit#54,routier,
Rumilly#54,routier,
StQuentinChesnes#54,routier,
StQuentinTotem#54,routier,
Bretigny#54,routier,
Evian#54,routier,
Salvetat#54,routier,
Amberieu#54,routier,
Volvic#54,routier,
Macon#54,routier,
Corbas#55,routier,
StQuentinChesnes#55,routier,
StQuentinTotem#55,routier,
Macon#55,routier,
Badoit#55,routier,
Rumilly#55,routier,
Bretigny#55,routier,
Salvetat#55,routier,
Evian#55,routier,
Amberieu#55,routier,
Volvic#55,routier,
Vinay#55,routier,
Badoit#56,routier,
Bretigny#56,routier,
Evian#56,routier,
Volvic#56,routier,
Salvetat#56,routier,
Rennes#56,routier,
Rumilly#56,routier,
StQuentinChesnes#57,routier,
StQuentinTotem#57,routier,
Bretigny#57,routier,
Salvetat#57,routier,
Rumilly#57,routier,
Badoit#57,routier,
Macon#57,routier,
Volvic#57,routier,
Evian#57,routier,
Amberieu#57,routier,
Corbas#57,routier,
Vinay#57,routier,
Volvic#58,routier,
Cavaillon#59,routier,
Corbas#59,routier,
Monteux#59,routier,
Santes#59,routier,
Amberieu#59,routier,
Rumilly#59,routier,
StQuentinChesnes#59,routier,
StQuentinTotem#59,routier,
Salvetat#59,routier,
Evian#59,routier,
Rennes#59,routier,
Badoit#59,routier,
Bretigny#59,routier,
Volvic#59,routier,
Vinay#59,routier,
Evian#60,routier,
Salvetat#60,routier,
Amberieu#60,routier,
Volvic#60,routier,
Badoit#60,routier,
Bretigny#60,routier,
Rumilly#60,routier,
Corbas#62,routier,
Macon#62,routier,
Santes#62,routier,
Rumilly#62,routier,
Amberieu#62,routier,
StQuentinChesnes#62,routier,
StQuentinTotem#62,routier,
Salvetat#62,routier,
Evian#62,routier,
Badoit#62,routier,
Volvic#62,routier,
Bretigny#62,routier,
Vinay#62,routier,
StQuentinChesnes#63,routier,
StQuentinTotem#63,routier,
Badoit#63,routier,
Bretigny#63,routier,
Macon#63,routier,
Rumilly#63,routier,
Amberieu#63,routier,
Evian#63,routier,
Salvetat#63,routier,
Volvic#63,routier,
Amberieu#66,routier,
Bretigny#67,routier,
Macon#67,routier,
StQuentinChesnes#67,routier,
Vinay#67,routier,
StQuentinTotem#67,routier,
Rumilly#67,routier,
Corbas#67,routier,
Badoit#67,routier,
Salvetat#67,routier,
Evian#67,routier,
Amberieu#67,routier,
Volvic#67,routier,
Cavaillon#68,routier,
Monteux#68,routier,
Bretigny#68,routier,
Macon#68,routier,
Rennes#68,routier,
Rumilly#68,routier,
Santes#68,routier,
Vinay#68,routier,
StQuentinChesnes#68,routier,
StQuentinTotem#68,routier,
Badoit#68,routier,
Amberieu#68,routier,
Evian#68,routier,
Salvetat#68,routier,
Volvic#68,routier,
Corbas#68,routier,
Cavaillon#69,routier,
Monteux#69,routier,
Rumilly#69,routier,
Macon#69,routier,
Rennes#69,routier,
Corbas#69,routier,
Bretigny#69,routier,
StQuentinChesnes#69,routier,
StQuentinTotem#69,routier,
Badoit#69,routier,
Amberieu#69,routier,
Evian#69,routier,
Volvic#69,routier,
Salvetat#69,routier,
Vinay#69,routier,
Amberieu#71,routier,
Badoit#71,routier,
Volvic#71,routier,
Evian#71,routier,
Rumilly#71,routier,
Macon#72,routier,
Rumilly#72,routier,
StQuentinChesnes#72,routier,
StQuentinTotem#72,routier,
Amberieu#72,routier,
Corbas#72,routier,
Rennes#72,routier,
Badoit#72,routier,
Evian#72,routier,
Salvetat#72,routier,
Volvic#72,routier,
Bretigny#72,routier,
Macon#74,routier,
Salvetat#74,routier,
StQuentinChesnes#74,routier,
StQuentinTotem#74,routier,
Corbas#74,routier,
Volvic#74,routier,
Bretigny#74,routier,
Amberieu#74,routier,
Badoit#74,routier,
Evian#74,routier,
Rumilly#74,routier,
Bretigny#75,routier,
Amberieu#76,routier,
Badoit#76,routier,
Bretigny#76,routier,
Rennes#76,routier,
Evian#76,routier,
Salvetat#76,routier,
Volvic#76,routier,
Cavaillon#77,routier,
Macon#77,routier,
Monteux#77,routier,
StQuentinChesnes#77,routier,
Vinay#77,routier,
StQuentinTotem#77,routier,
Santes#77,routier,
Rumilly#77,routier,
Amberieu#77,routier,
Rennes#77,routier,
Badoit#77,routier,
Salvetat#77,routier,
Evian#77,routier,
Volvic#77,routier,
Bretigny#77,routier,
Corbas#77,routier,
StQuentinChesnes#78,routier,
StQuentinTotem#78,routier,
Macon#78,routier,
Amberieu#78,routier,
Rumilly#78,routier,
Santes#78,routier,
Badoit#78,routier,
Rennes#78,routier,
Salvetat#78,routier,
Bretigny#78,routier,
Volvic#78,routier,
Evian#78,routier,
StQuentinChesnes#79,routier,
StQuentinTotem#79,routier,
Grisolles#79,routier,
Macon#79,routier,
Rennes#79,routier,
Amberieu#79,routier,
Rumilly#79,routier,
Salvetat#79,routier,
Volvic#79,routier,
Bretigny#79,routier,
Evian#79,routier,
Badoit#79,routier,
Corbas#79,routier,
StQuentinChesnes#80,routier,
StQuentinTotem#80,routier,
Amberieu#80,routier,
Macon#80,routier,
Rumilly#80,routier,
Salvetat#80,routier,
Evian#80,routier,
Badoit#80,routier,
Bretigny#80,routier,
Volvic#80,routier,
Rennes#80,routier,
Corbas#82,routier,
Bretigny#82,routier,
Macon#82,routier,
Rumilly#82,routier,
StQuentinChesnes#82,routier,
StQuentinTotem#82,routier,
Evian#82,routier,
Amberieu#82,routier,
Grisolles#82,routier,
Badoit#82,routier,
Volvic#82,routier,
Salvetat#82,routier,
Rennes#82,routier,
Bretigny#83,routier,
Corbas#83,routier,
Cavaillon#83,routier,
Monteux#83,routier,
Rumilly#83,routier,
StQuentinChesnes#83,routier,
StQuentinTotem#83,routier,
Macon#83,routier,
Badoit#83,routier,
Evian#83,routier,
Amberieu#83,routier,
Volvic#83,routier,
Salvetat#83,routier,
Macon#84,routier,
Rumilly#84,routier,
StQuentinChesnes#84,routier,
StQuentinTotem#84,routier,
Cavaillon#84,routier,
Monteux#84,routier,
Volvic#84,routier,
Evian#84,routier,
Salvetat#84,routier,
Amberieu#84,routier,
Badoit#84,routier,
Corbas#84,routier,
Amberieu#85,routier,
Badoit#85,routier,
Corbas#85,routier,
Macon#85,routier,
Rumilly#85,routier,
StQuentinChesnes#85,routier,
StQuentinTotem#85,routier,
Bretigny#85,routier,
Grisolles#85,routier,
Salvetat#85,routier,
Volvic#85,routier,
Evian#85,routier,
Rumilly#86,routier,
Badoit#86,routier,
Bretigny#86,routier,
Cavaillon#86,routier,
Macon#86,routier,
Monteux#86,routier,
StQuentinChesnes#86,routier,
StQuentinTotem#86,routier,
Corbas#86,routier,
Grisolles#86,routier,
Volvic#86,routier,
Evian#86,routier,
Salvetat#86,routier,
Amberieu#86,routier,
Salvetat#87,routier,
Volvic#87,routier,
Amberieu#87,routier,
Badoit#87,routier,
Evian#87,routier,
StQuentinChesnes#87,routier,
StQuentinTotem#87,routier,
StQuentinChesnes#89,routier,
StQuentinTotem#89,routier,
Bretigny#89,routier,
Volvic#89,routier,
Amberieu#89,routier,
Evian#89,routier,
Salvetat#89,routier,
Badoit#89,routier,
Corbas#89,routier,
Macon#89,routier,
Corbas#91,routier,
Cavaillon#91,routier,
Macon#91,routier,
Monteux#91,routier,
Santes#91,routier,
StQuentinChesnes#91,routier,
StQuentinTotem#91,routier,
Rennes#91,routier,
Rumilly#91,routier,
Amberieu#91,routier,
Salvetat#91,routier,
Badoit#91,routier,
Evian#91,routier,
Volvic#91,routier,
Bretigny#91,routier,
Bretigny#92,routier,
Evian#92,routier,
Volvic#92,routier,
Rumilly#92,routier,
Bretigny#93,routier,
Evian#93,routier,
Rumilly#93,routier,
Volvic#93,routier,
Amberieu#93,routier,
Badoit#93,routier,
Rumilly#94,routier,
StQuentinChesnes#94,routier,
StQuentinTotem#94,routier,
Macon#94,routier,
Santes#94,routier,
Amberieu#94,routier,
Rennes#94,routier,
Badoit#94,routier,
Salvetat#94,routier,
Evian#94,routier,
Volvic#94,routier,
Bretigny#94,routier,
Corbas#94,routier,
StQuentinChesnes#95,routier,
StQuentinTotem#95,routier,
Amberieu#95,routier,
Rennes#95,routier,
Rumilly#95,routier,
Badoit#95,routier,
Evian#95,routier,
Salvetat#95,routier,
Volvic#95,routier,
Bretigny#95,routier,
Corbas#95,routier,
Macon#95,routier,
Santes#95,routier,
Volvic#54390,routier,
Volvic#57150,routier,
Volvic#57280,routier,
Volvic#57800,routier,
Volvic#67118,routier,
Volvic#67150,routier,
Volvic#67300,routier,
Volvic#67620,routier,
Volvic#Aigle,routier,
Evian#Aigle,routier,
Fos#Amberieu,routier,
StQuentinChesnes#Amberieu,routier,
Vinay#Amberieu,routier,
StQuentinTotem#Amberieu,routier,
Bretigny#Amberieu,routier,
Salvetat#Amberieu,routier,
Evian#Amberieu,routier,
Volvic#Amberieu,rail,950.0
Badoit#Amberieu,routier,
Corbas#Amberieu,routier,
Macon#Amberieu,routier,
Ostende#Amberieu,routier,
Fos#Anvers,routier,
Macon#Anvers,routier,
Bretigny#Anvers,routier,
Vinay#Anvers,routier,
Rumilly#Anvers,routier,
Amberieu#Anvers,routier,
Badoit#Anvers,routier,
Evian#Anvers,routier,
Volvic#Anvers,routier,
Thionville#Anvers,routier,
Bretigny#Badoit,routier,
Amberieu#Badoit,routier,
Vinay#Bretigny,routier,
Amberieu#Bretigny,routier,
Badoit#Bretigny,routier,
Salvetat#Bretigny,routier,
Volvic#Bretigny,routier,
Evian#Bretigny,routier,
Ostende#Bretigny,routier,
Thionville#Bretigny,routier,
Badoit#Cavaillon,routier,
Amberieu#Cavaillon,routier,
Evian#Cavaillon,routier,
Volvic#Cavaillon,routier,
Salvetat#Cavaillon,routier,
Badoit#Corbas,routier,
Amberieu#Corbas,routier,
Salvetat#Corbas,routier,
Evian#Corbas,routier,
Rumilly#Duisburg,routier,
Evian#Duisburg,routier,
Volvic#Duisburg,rail,950.0
Badoit#Duisburg,routier,
Bretigny#Evian,routier,
Amberieu#Evian,routier,
Thionville#Evian,routier,
Rumilly#Fos,routier,
Vinay#Fos,routier,
Amberieu#Fos,routier,
Macon#Fos,routier,
Volvic#Fos,rail,1150.0
Badoit#Fos,routier,
Evian#Fos,routier,
Ostende#Fos,routier,
Badoit#Grisolles,routier,
Evian#Grisolles,routier,
Salvetat#Grisolles,routier,
Volvic#Grisolles,routier,
Volvic#LduAllemagne,routier,
Amberieu#Macon,routier,
Evian#Macon,routier,
Salvetat#Macon,routier,
Volvic#Macon,routier,
Badoit#Macon,routier,
Badoit#Monteux,routier,
Amberieu#Monteux,routier,
Evian#Monteux,routier,
Volvic#Monteux,routier,
Salvetat#Monteux,routier,
Vinay#Ostende,routier,
Volvic#Ostende,routier,
Thionville#Ostende,routier,
Fos#Ostende,routier,
Macon#Ostende,routier,
Badoit#Ostende,routier,
Bretigny#Ostende,routier,
Amberieu#Ostende,routier,
Rumilly#Ostende,routier,
Evian#Ostende,routier,
Evian#Rennes,routier,
Salvetat#Rennes,routier,
Volvic#Rennes,routier,
Badoit#Rennes,routier,
Rumilly#Rugby,routier,
Vinay#Rugby,routier,
Amberieu#Rugby,routier,
Bretigny#Rugby,routier,
Badoit#Rugby,routier,
Volvic#Rugby,rail,1000.0
Evian#Rugby,routier,
Badoit#Santes,routier,
Bretigny#Santes,routier,
Rumilly#Santes,routier,
Amberieu#Santes,routier,
Evian#Santes,routier,
Volvic#Santes,routier,
Amberieu#StQuentinChesnes,routier,
Bretigny#StQuentinChesnes,routier,
Volvic#StQuentinChesnes,routier,
Badoit#StQuentinChesnes,routier,
Salvetat#StQuentinChesnes,routier,
Evian#StQuentinChesnes,routier,
Amberieu#StQuentinTotem,routier,
Bretigny#StQuentinTotem,routier,
Volvic#StQuentinTotem,routier,
Badoit#StQuentinTotem,routier,
Salvetat#StQuentinTotem,routier,
Evian#StQuentinTotem,routier,
Volvic#SuryLeComtal,routier,
Badoit#SuryLeComtal,routier,
Amberieu#Thionville,routier,
Badoit#Thionville,routier,
Bretigny#Thionville,routier,
Rumilly#Thionville,routier,
Volvic#Thionville,routier,
Evian#Thionville,routier,
Ostende#Thionville,routier,
Amberieu#Vinay,routier,
Badoit#Vinay,routier,
Evian#Vinay,routier,
Bretigny#Vinay,routier,
Ostende#Vinay,routier,
Salvetat#Vinay,routier,
Volvic#Vinay,routier,
Badoit#Worms,routier,
Rumilly#Worms,routier,
Evian#Worms,routier,
Volvic#Worms,rail,950.0
Amberieu#Zeebrugge,routier,
Vinay#Zeebrugge,routier,
Bretigny#Zeebrugge,routier,
Rumilly#Zeebrugge,routier,
Badoit#Zeebrugge,routier,
Volvic#Zeebrugge,rail,1000.0
Evian#Zeebrugge,routier,
Evian#Hub,rail,936.0
Hub#Amberieu,rail,936.0
Hub#Bretigny,rail,1000.0
Hub#Fos,rail,1150.0
Hub#Macon,rail,1000.0
Hub#Santes,rail,1000.0
Hub#Anvers,rail,950.0
Hub#Rugby,rail,1000.0
Hub#Zeebrugge,rail,1000.0
Hub#Duisburg,rail,950.0
Hub#Worms,rail,950.0
EvianProd#Evian,routier,
BadoitProd#Badoit,routier,
SalvetatProd#Salvetat,routier,
VolvicProd#Volvic,routier,
